<?xml version="1.0"?>
<ProjectRoot xmlns:xsd="http://www.w3.org/2001/XMLSchema" xmlns:xsi="http://www.w3.org/2001/XMLSchema-instance">
  <TagLine>A member of the Fubu family of projects</TagLine>
  <Name>FubuMVC.Core.UI</Name>
  <GitHubPage>http://github.com/DarthFubuMVC/FubuMVC.Core.UI</GitHubPage>
  <UserGroupUrl>https://groups.google.com/forum/?fromgroups#!forum/fubumvc-devel</UserGroupUrl>
  <BuildServerUrl>http://build.fubu-project.org/project.html?projectId=[CHANGEME]&amp;tab=projectOverview</BuildServerUrl>
  <BottleName>FubuMVC.Core.UI.Docs</BottleName>
  <Nugets>
    <PublishedNuget>
      <Name>FubuMVC.Core.UI</Name>
      <Description>Html Conventions and other Html generation goodness for FubuMVC applications</Description>
    </PublishedNuget>
  </Nugets>
  <Url>fubumvc.core.ui</Url>
</ProjectRoot>